{"0": {"loss": 0.7257919419895519, "accuracy": 0.49411764705882355, "epoch": 0, "train_loss": 61.89641124010086, "lr": 8.500000000000002e-06, "time": "59.590840578079224"}, "1": {"loss": 0.6764448881149292, "accuracy": 0.5647058823529412, "epoch": 1, "train_loss": 59.299535274505615, "lr": 1.7000000000000003e-05, "time": "58.54373383522034"}, "2": {"loss": 0.622588417746804, "accuracy": 0.7058823529411765, "epoch": 2, "train_loss": 55.79806578159332, "lr": 2.5500000000000003e-05, "time": "58.553083658218384"}, "3": {"loss": 0.5888343290849165, "accuracy": 0.711764705882353, "epoch": 3, "train_loss": 52.860888838768005, "lr": 3.4000000000000007e-05, "time": "58.61870551109314"}, "4": {"loss": 0.5293089341033589, "accuracy": 0.7176470588235294, "epoch": 4, "train_loss": 47.897942155599594, "lr": 4.25e-05, "time": "58.65528345108032"}, "5": {"loss": 0.49150852181694726, "accuracy": 0.7411764705882353, "epoch": 5, "train_loss": 40.63798551261425, "lr": 4.999912270696202e-05, "time": "58.671340227127075"}, "6": {"loss": 0.4263373071497137, "accuracy": 0.8117647058823529, "epoch": 6, "train_loss": 33.09162898361683, "lr": 4.9920865623854615e-05, "time": "58.69324064254761"}, "7": {"loss": 0.35010506348176434, "accuracy": 0.8411764705882353, "epoch": 7, "train_loss": 27.58432638645172, "lr": 4.971629361844785e-05, "time": "58.71850919723511"}, "8": {"loss": 0.3360666592012752, "accuracy": 0.8529411764705882, "epoch": 8, "train_loss": 22.475359067320824, "lr": 4.938644359280433e-05, "time": "58.74058961868286"}, "9": {"loss": 0.336476361209696, "accuracy": 0.8588235294117647, "epoch": 9, "train_loss": 18.36032759398222, "lr": 4.893298743830168e-05, "time": "58.769665479660034"}, "10": {"loss": 0.3166432688859376, "accuracy": 0.8705882352941177, "epoch": 10, "train_loss": 15.793743312358856, "lr": 4.8358223561415304e-05, "time": "58.759482860565186"}, "11": {"loss": 0.3295427035879005, "accuracy": 0.8823529411764706, "epoch": 11, "train_loss": 13.366619676351547, "lr": 4.7665065233920945e-05, "time": "58.757944107055664"}, "12": {"loss": 0.32438829134811054, "accuracy": 0.888235294117647, "epoch": 12, "train_loss": 11.281967110931873, "lr": 4.685702582656584e-05, "time": "58.69142508506775"}, "13": {"loss": 0.3543624251403592, "accuracy": 0.9058823529411765, "epoch": 13, "train_loss": 7.425441429018974, "lr": 4.593820100105355e-05, "time": "58.657485008239746"}, "14": {"loss": 0.34221202321350574, "accuracy": 0.9, "epoch": 14, "train_loss": 7.893416300415993, "lr": 4.491324795060491e-05, "time": "58.58144474029541"}, "15": {"loss": 0.3488458835265853, "accuracy": 0.9058823529411765, "epoch": 15, "train_loss": 5.073659025132656, "lr": 4.3787361794317405e-05, "time": "58.549463510513306"}, "16": {"loss": 0.36385118622671475, "accuracy": 0.9117647058823529, "epoch": 16, "train_loss": 5.329807564616203, "lr": 4.256624924497123e-05, "time": "58.506338119506836"}, "17": {"loss": 0.3643350415778431, "accuracy": 0.9176470588235294, "epoch": 17, "train_loss": 4.26299361884594, "lr": 4.125609968375072e-05, "time": "58.54315662384033"}, "18": {"loss": 0.402238431555981, "accuracy": 0.9058823529411765, "epoch": 18, "train_loss": 4.616808269172907, "lr": 3.9863553788492834e-05, "time": "58.564675092697144"}, "19": {"loss": 0.41651399594477634, "accuracy": 0.9117647058823529, "epoch": 19, "train_loss": 2.8816944658756256, "lr": 3.8395669874474915e-05, "time": "58.56903862953186"}, "20": {"loss": 0.44691093037412927, "accuracy": 0.9058823529411765, "epoch": 20, "train_loss": 2.936722904443741, "lr": 3.685988811834823e-05, "time": "58.564258098602295"}, "21": {"loss": 0.4449294709431177, "accuracy": 0.9117647058823529, "epoch": 21, "train_loss": 1.3738600835204124, "lr": 3.52639928465532e-05, "time": "58.557647705078125"}, "22": {"loss": 0.49594223037870094, "accuracy": 0.9058823529411765, "epoch": 22, "train_loss": 0.9506453052163124, "lr": 3.3616073079362926e-05, "time": "58.5500922203064"}, "23": {"loss": 0.5284598785325546, "accuracy": 0.9, "epoch": 23, "train_loss": 0.6984456330537796, "lr": 3.192448153054306e-05, "time": "58.565744400024414"}, "24": {"loss": 0.5215311917391691, "accuracy": 0.9117647058823529, "epoch": 24, "train_loss": 0.7114609181880951, "lr": 3.0197792270443982e-05, "time": "58.54112195968628"}, "25": {"loss": 0.537508454110304, "accuracy": 0.9117647058823529, "epoch": 25, "train_loss": 0.20712900906801224, "lr": 2.844475726711595e-05, "time": "58.58406400680542"}, "26": {"loss": 0.5837923657487739, "accuracy": 0.9117647058823529, "epoch": 26, "train_loss": 0.21569930016994476, "lr": 2.6674262025724627e-05, "time": "58.58703827857971"}, "27": {"loss": 0.6842515737834302, "accuracy": 0.8823529411764706, "epoch": 27, "train_loss": 0.8596890941262245, "lr": 2.4895280551114907e-05, "time": "58.62715435028076"}, "28": {"loss": 0.592267377270301, "accuracy": 0.9117647058823529, "epoch": 28, "train_loss": 0.10990124940872192, "lr": 2.3116829861801686e-05, "time": "58.622100591659546"}, "29": {"loss": 0.8000890036875551, "accuracy": 0.8823529411764706, "epoch": 29, "train_loss": 0.14052823185920715, "lr": 2.1347924285939714e-05, "time": "58.649978160858154"}, "30": {"loss": 0.635300581290556, "accuracy": 0.9058823529411765, "epoch": 30, "train_loss": 0.07115326821804047, "lr": 1.959752977092995e-05, "time": "58.62888956069946"}, "31": {"loss": 0.6428704074827362, "accuracy": 0.9058823529411765, "epoch": 31, "train_loss": 0.04356375336647034, "lr": 1.7874518438250597e-05, "time": "58.661341190338135"}, "32": {"loss": 0.6203215211651034, "accuracy": 0.9176470588235294, "epoch": 32, "train_loss": 0.03737574815750122, "lr": 1.6187623613858038e-05, "time": "58.67559051513672"}, "33": {"loss": 0.692978525161214, "accuracy": 0.9, "epoch": 33, "train_loss": 0.032812029123306274, "lr": 1.4545395562092468e-05, "time": "58.70669865608215"}, "34": {"loss": 0.6753502225328702, "accuracy": 0.9058823529411765, "epoch": 34, "train_loss": 0.13229364156723022, "lr": 1.2956158147457115e-05, "time": "58.733946323394775"}, "35": {"loss": 0.6674685917096213, "accuracy": 0.9176470588235294, "epoch": 35, "train_loss": 0.19393479824066162, "lr": 1.1427966643937069e-05, "time": "58.74721574783325"}, "36": {"loss": 0.709948098117655, "accuracy": 0.9058823529411765, "epoch": 36, "train_loss": 0.023756176233291626, "lr": 9.968566905706833e-06, "time": "58.719913482666016"}, "37": {"loss": 0.7049235044555231, "accuracy": 0.9058823529411765, "epoch": 37, "train_loss": 0.02228933572769165, "lr": 8.585356106176094e-06, "time": "58.744141578674316"}, "38": {"loss": 0.7028077724389732, "accuracy": 0.9117647058823529, "epoch": 38, "train_loss": 0.020421594381332397, "lr": 7.285345244372843e-06, "time": "58.748679637908936"}, "39": {"loss": 0.7008837748488242, "accuracy": 0.9117647058823529, "epoch": 39, "train_loss": 0.019055038690567017, "lr": 6.075123608706093e-06, "time": "58.75257849693298"}, "40": {"loss": 0.7033254290211268, "accuracy": 0.9176470588235294, "epoch": 40, "train_loss": 0.01802074909210205, "lr": 4.960825378228082e-06, "time": "58.70269966125488"}, "41": {"loss": 0.7100452393272214, "accuracy": 0.9058823529411765, "epoch": 41, "train_loss": 0.01723387837409973, "lr": 3.948098530682695e-06, "time": "58.6749062538147"}, "42": {"loss": 0.7078611010854895, "accuracy": 0.9176470588235294, "epoch": 42, "train_loss": 0.7500445544719696, "lr": 3.0420762149335565e-06, "time": "58.64656209945679"}, "43": {"loss": 0.7144223253814165, "accuracy": 0.9117647058823529, "epoch": 43, "train_loss": 0.016794860363006592, "lr": 2.2473507328751086e-06, "time": "58.673996925354004"}, "44": {"loss": 0.7132758479247886, "accuracy": 0.9117647058823529, "epoch": 44, "train_loss": 0.016155600547790527, "lr": 1.5679502627027136e-06, "time": "58.64949703216553"}, "45": {"loss": 0.7118420386898585, "accuracy": 0.9176470588235294, "epoch": 45, "train_loss": 0.016711682081222534, "lr": 1.0073184415233333e-06, "time": "58.63478660583496"}, "46": {"loss": 0.712266742632809, "accuracy": 0.9176470588235294,