{"0": {"loss": 0.6996132135391235, "accuracy": 0.49570200573065903, "epoch": 0, "train_loss": 128.00963726639748, "lr": 1.75e-05, "time": "299.6398763656616"}, "1": {"loss": 0.6305987591093237, "accuracy": 0.6389684813753582, "epoch": 1, "train_loss": 116.68280443549156, "lr": 3.5e-05, "time": "303.94752168655396"}, "2": {"loss": 0.5880048464645039, "accuracy": 0.673352435530086, "epoch": 2, "train_loss": 103.8277076780796, "lr": 4.999886713385432e-05, "time": "302.78128814697266"}, "3": {"loss": 0.4986128034916791, "accuracy": 0.7535816618911175, "epoch": 3, "train_loss": 86.99371905624866, "lr": 4.992753105783194e-05, "time": "300.5179235935211"}, "4": {"loss": 0.4759350689974698, "accuracy": 0.7593123209169055, "epoch": 4, "train_loss": 72.51775176078081, "lr": 4.9745536047023324e-05, "time": "301.9363877773285"}, "5": {"loss": 0.4575125439600511, "accuracy": 0.7793696275071633, "epoch": 5, "train_loss": 61.427811451256275, "lr": 4.9453690018345144e-05, "time": "300.1536109447479"}, "6": {"loss": 0.4358618093485182, "accuracy": 0.8080229226361032, "epoch": 6, "train_loss": 51.77680350840092, "lr": 4.9053288542168185e-05, "time": "302.720600605011"}, "7": {"loss": 0.453403539955616, "accuracy": 0.8223495702005731, "epoch": 7, "train_loss": 44.633622135967016, "lr": 4.854610909098812e-05, "time": "301.5341441631317"}, "8": {"loss": 0.4785517333922061, "accuracy": 0.8194842406876791, "epoch": 8, "train_loss": 39.22329671308398, "lr": 4.793440314882408e-05, "time": "301.086953163147"}, "9": {"loss": 0.5165029999546029, "accuracy": 0.8252148997134671, "epoch": 9, "train_loss": 32.6118114516139, "lr": 4.722088621637309e-05, "time": "303.2032301425934"}, "10": {"loss": 0.5603384903886102, "accuracy": 0.828080229226361, "epoch": 10, "train_loss": 28.829777659848332, "lr": 4.640872575628973e-05, "time": "303.1076714992523"}, "11": {"loss": 0.6202038602734153, "accuracy": 0.830945558739255, "epoch": 11, "train_loss": 23.54160177707672, "lr": 4.550152713210478e-05, "time": "302.6437568664551"}, "12": {"loss": 0.7160870153456926, "accuracy": 0.828080229226361, "epoch": 12, "train_loss": 20.921747723128647, "lr": 4.450331760320302e-05, "time": "303.9137074947357"}, "13": {"loss": 0.7471092632887039, "accuracy": 0.833810888252149, "epoch": 13, "train_loss": 14.037699938984588, "lr": 4.341852844691012e-05, "time": "301.5990505218506"}, "14": {"loss": 0.9437617832286791, "accuracy": 0.8108882521489972, "epoch": 14, "train_loss": 11.68333837762475, "lr": 4.2251975287052804e-05, "time": "300.3068127632141"}, "15": {"loss": 0.8891844210976904, "accuracy": 0.8194842406876791, "epoch": 15, "train_loss": 10.665997052099556, "lr": 4.100883671631806e-05, "time": "301.8983359336853"}, "16": {"loss": 0.9656132578172467, "accuracy": 0.828080229226361, "epoch": 16, "train_loss": 7.619669508188963, "lr": 3.969463130731183e-05, "time": "302.26037216186523"}, "17": {"loss": 0.9988314936106856, "accuracy": 0.830945558739255, "epoch": 17, "train_loss": 6.157342893362511, "lr": 3.8315193114369996e-05, "time": "299.85894107818604"}, "18": {"loss": 1.0413275535472415, "accuracy": 0.833810888252149, "epoch": 18, "train_loss": 6.100606465101009, "lr": 3.6876645774874876e-05, "time": "300.5129895210266"}, "19": {"loss": 1.1625632731751963, "accuracy": 0.8223495702005731, "epoch": 19, "train_loss": 4.508794587105513, "lr": 3.5385375325047166e-05, "time": "301.9221634864807"}, "20": {"loss": 1.1119215325875715, "accuracy": 0.836676217765043, "epoch": 20, "train_loss": 3.980721895888564, "lr": 3.3848001850890296e-05, "time": "300.9031662940979"}, "21": {"loss": 1.212312460961667, "accuracy": 0.833810888252149, "epoch": 21, "train_loss": 5.581435823187348, "lr": 3.2271350100134975e-05, "time": "301.2920172214508"}, "22": {"loss": 1.2651125267148018, "accuracy": 0.830945558739255, "epoch": 22, "train_loss": 2.503402054309845, "lr": 3.0662419185644115e-05, "time": "301.30771255493164"}, "23": {"loss": 1.3418888171965426, "accuracy": 0.8252148997134671, "epoch": 23, "train_loss": 2.803164935357927, "lr": 2.9028351514771606e-05, "time": "300.4437801837921"}, "24": {"loss": 1.4537058120424098, "accuracy": 0.8051575931232091, "epoch": 24, "train_loss": 3.5877381289974437, "lr": 2.7376401082604564e-05, "time": "301.6096975803375"}, "25": {"loss": 1.4173335046930746, "accuracy": 0.8252148997134671, "epoch": 25, "train_loss": 3.2653249676004634, "lr": 2.5713901269842404e-05, "time": "299.47558522224426"}, "26": {"loss": 1.4858692660927773, "accuracy": 0.8166189111747851, "epoch": 26, "train_loss": 3.1776834577322006, "lr": 2.4048232288265253e-05, "time": "301.9336473941803"}, "27": {"loss": 1.4703270332379774, "accuracy": 0.8108882521489972, "epoch": 27, "train_loss": 3.2550079921857105, "lr": 2.238678841830867e-05, "time": "301.7489125728607"}, "28": {"loss": 1.519874331626025, "accuracy": 0.8166189111747851, "epoch": 28, "train_loss": 0.9215878943614371, "lr": 2.0736945184184405e-05, "time": "299.59868454933167"}, "29": {"loss": 1.5279077230529352, "accuracy": 0.8223495702005731, "epoch": 29, "train_loss": 0.7883138408251398, "lr": 1.9106026612264316e-05, "time": "299.1916153430939"}, "30": {"loss": 1.5192433148622513, "accuracy": 0.830945558739255, "epoch": 30, "train_loss": 0.8197384104132652, "lr": 1.7501272718074737e-05, "time": "299.62578773498535"}, "31": {"loss": 1.4897246028889308, "accuracy": 0.830945558739255, "epoch": 31, "train_loss": 1.5122983356322948, "lr": 1.5929807366233977e-05, "time": "299.63343691825867"}, "32": {"loss": 1.5382848957722837, "accuracy": 0.828080229226361, "epoch": 32, "train_loss": 1.2179421335458755, "lr": 1.4398606646009963e-05, "time": "300.11456847190857"}, "33": {"loss": 1.5257064212452283, "accuracy": 0.830945558739255, "epoch": 33, "train_loss": 2.554927361508817, "lr": 1.2914467902885901e-05, "time": "300.0361394882202"}, "34": {"loss": 1.538750950585712, "accuracy": 0.836676217765043, "epoch": 34, "train_loss": 1.8132891580462456, "lr": 1.148397956361007e-05, "time": "299.9258773326874"}, "35": {"loss": 1.5732468285343864, "accuracy": 0.830945558739255, "epoch": 35, "train_loss": 1.7335680524506643, "lr": 1.0113491888682802e-05, "time": "300.4624168872833"}, "36": {"loss": 1.7088013724847273, "accuracy": 0.8108882521489972, "epoch": 36, "train_loss": 1.4195267011718897, "lr": 8.809088782117452e-06, "time": "300.15695667266846"}, "37": {"loss": 1.6514892374927348, "accuracy": 0.8166189111747851, "epoch": 37, "train_loss": 1.2243965019788448, "lr": 7.576560783617668e-06, "time": "300.2144868373871"}, "38": {"loss": 1.6182096675038338, "accuracy": 0.8194842406876791, "epoch": 38, "train_loss": 2.572905093431473, "lr": 6.421379363065142e-06, "time": "302.18528389930725"}, "39": {"loss": 1.6042867577211424, "accuracy": 0.836676217765043, "epoch": 39, "train_loss": 0.004861806829467241, "lr": 5.348672631430318e-06, "time": "301.8559112548828"}, "40": {"loss": 1.6276910149238326, "accuracy": 0.836676217765043, "epoch": 40, "train_loss": 0.6569932152824549, "lr": 4.36320257593065e-06, "time": "300.2833135128021"}, "41": {"loss": 1.6588645712895826, "accuracy": 0.8223495702005731, "epoch": 41, "train_loss": 1.00742257138063, "lr": 3.4693439204949858e-06, "time": "300.2746286392212"}, "42": {"loss": 1.6537388238039883, "accuracy": 0.8223495702005731, "epoch": 42, "train_loss": 0.5441000312566757, "lr": 2.671064705376905e-06, "time": "300.97777676582336"}, "43": {"loss": 1.676297743212093, "accuracy": 0.8223495702005731, "epoch": 43, "train_loss": 0.794219359755516, "lr": 1.97190867212875e-06, "time": "300.57616209983826"}, "44": {"loss": 1.675903163172982, "accuracy": 0.8252148997134671, "epoch": 44, "train_loss": 0.03671105826924759, "lr": 1.3749795321332887e-06, "time": "302.32799434661865"}, "45": {"loss": 1.6823566440831532, "accuracy": 0.8223495702005731, "epoch": 45, "train_loss": 0.0015524427094533166, "lr": 8.829271885286094e-07, "time": "300.1180100440979"}, "46": {"loss": 1.6822921227325092, "accuracy": 0.8223495702005731, "epoch": 46,