{"0": {"loss": 0.7269210735956828, "accuracy": 0.4745762711864407, "epoch": 0, "train_loss": 87.4496922492981, "lr": 1.18e-05, "time": "81.57765674591064"}, "1": {"loss": 0.6604846318562826, "accuracy": 0.635593220338983, "epoch": 1, "train_loss": 80.97729760408401, "lr": 2.36e-05, "time": "81.11385798454285"}, "2": {"loss": 0.6143164813518525, "accuracy": 0.7161016949152542, "epoch": 2, "train_loss": 74.45084580779076, "lr": 3.54e-05, "time": "81.16960167884827"}, "3": {"loss": 0.5378980914751689, "accuracy": 0.75, "epoch": 3, "train_loss": 67.14579953253269, "lr": 4.72e-05, "time": "81.22669649124146"}, "4": {"loss": 0.4697849134604136, "accuracy": 0.8008474576271186, "epoch": 4, "train_loss": 53.30676645040512, "lr": 4.996573836886435e-05, "time": "81.33080792427063"}, "5": {"loss": 0.42713613907496134, "accuracy": 0.8305084745762712, "epoch": 5, "train_loss": 48.7550413608551, "lr": 4.981718202868738e-05, "time": "81.4462947845459"}, "6": {"loss": 0.39059734443823496, "accuracy": 0.8516949152542372, "epoch": 6, "train_loss": 38.14793801307678, "lr": 4.955171394452151e-05, "time": "81.45281934738159"}, "7": {"loss": 0.3972842584053675, "accuracy": 0.847457627118644, "epoch": 7, "train_loss": 29.901541493833065, "lr": 4.917058471511149e-05, "time": "81.42297196388245"}, "8": {"loss": 0.3562851240237554, "accuracy": 0.8728813559322034, "epoch": 8, "train_loss": 25.853111669421196, "lr": 4.8675589809533696e-05, "time": "81.40584635734558"}, "9": {"loss": 0.3750462080041567, "accuracy": 0.8686440677966102, "epoch": 9, "train_loss": 19.98073137179017, "lr": 4.806906110888606e-05, "time": "81.48716235160828"}, "10": {"loss": 0.3863465612133344, "accuracy": 0.8728813559322034, "epoch": 10, "train_loss": 15.790769308805466, "lr": 4.73538559209842e-05, "time": "81.50267744064331"}, "11": {"loss": 0.4511701206366221, "accuracy": 0.847457627118644, "epoch": 11, "train_loss": 12.372303031384945, "lr": 4.6533343519814634e-05, "time": "81.37021946907043"}, "12": {"loss": 0.46368501608570417, "accuracy": 0.847457627118644, "epoch": 12, "train_loss": 11.410773798823357, "lr": 4.561138927315657e-05, "time": "81.35689401626587"}, "13": {"loss": 0.44541531056165695, "accuracy": 0.8728813559322034, "epoch": 13, "train_loss": 9.380931042134762, "lr": 4.4592336433146e-05, "time": "81.29898452758789"}, "14": {"loss": 0.47907705505688986, "accuracy": 0.885593220338983, "epoch": 14, "train_loss": 6.3198973052203655, "lr": 4.34809856755649e-05, "time": "81.26080775260925"}, "15": {"loss": 0.5521058554450671, "accuracy": 0.8771186440677966, "epoch": 15, "train_loss": 7.303331933915615, "lr": 4.2282572484244695e-05, "time": "81.18600869178772"}, "16": {"loss": 0.5910591344038646, "accuracy": 0.8728813559322034, "epoch": 16, "train_loss": 4.588479116559029, "lr": 4.100274248712389e-05, "time": "81.11903500556946"}, "17": {"loss": 0.5355806991457939, "accuracy": 0.9067796610169492, "epoch": 17, "train_loss": 4.389451950788498, "lr": 3.964752486015001e-05, "time": "81.2372739315033"}, "18": {"loss": 0.5212122763196627, "accuracy": 0.9152542372881356, "epoch": 18, "train_loss": 3.0066314041614532, "lr": 3.822330392431773e-05, "time": "81.21944284439087"}, "19": {"loss": 0.5925730337699254, "accuracy": 0.8898305084745762, "epoch": 19, "train_loss": 3.4608285948634148, "lr": 3.673678906964727e-05, "time": "81.33415102958679"}, "20": {"loss": 0.6052161552011966, "accuracy": 0.8983050847457628, "epoch": 20, "train_loss": 3.742833763360977, "lr": 3.519498314778892e-05, "time": "81.27752566337585"}, "21": {"loss": 0.6172625929117203, "accuracy": 0.902542372881356, "epoch": 21, "train_loss": 2.475072778761387, "lr": 3.360514948215339e-05, "time": "81.26445460319519"}, "22": {"loss": 0.774696351091067, "accuracy": 0.8728813559322034, "epoch": 22, "train_loss": 2.1812888085842133, "lr": 3.1974777650980735e-05, "time": "81.36775088310242"}, "23": {"loss": 0.8231367319822311, "accuracy": 0.8686440677966102, "epoch": 23, "train_loss": 2.5609935969114304, "lr": 3.031154820454103e-05, "time": "81.32245993614197"}, "24": {"loss": 0.7537758062283199, "accuracy": 0.8983050847457628, "epoch": 24, "train_loss": 1.3009001016616821, "lr": 2.8623296482681166e-05, "time": "81.36657404899597"}, "25": {"loss": 0.7460095127423604, "accuracy": 0.9067796610169492, "epoch": 25, "train_loss": 1.0605161562561989, "lr": 2.6917975703170466e-05, "time": "81.43609595298767"}, "26": {"loss": 0.7642977774143219, "accuracy": 0.9067796610169492, "epoch": 26, "train_loss": 0.9010069593787193, "lr": 2.5203619494732872e-05, "time": "81.4203872680664"}, "27": {"loss": 0.9512744178374608, "accuracy": 0.8813559322033898, "epoch": 27, "train_loss": 1.128693550825119, "lr": 2.348830405126964e-05, "time": "81.40694093704224"}, "28": {"loss": 0.8638495892286301, "accuracy": 0.8898305084745762, "epoch": 28, "train_loss": 0.013005852699279785, "lr": 2.1780110085560935e-05, "time": "81.38680744171143"}, "29": {"loss": 1.0094905893007915, "accuracy": 0.8686440677966102, "epoch": 29, "train_loss": 0.010469406843185425, "lr": 2.0087084761679245e-05, "time": "81.35554385185242"}, "30": {"loss": 0.9531750877698263, "accuracy": 0.885593220338983, "epoch": 30, "train_loss": 0.006354570388793945, "lr": 1.841720378544823e-05, "time": "81.34541916847229"}, "31": {"loss": 0.9015922546386719, "accuracy": 0.902542372881356, "epoch": 31, "train_loss": 0.00503993034362793, "lr": 1.677833383153542e-05, "time": "81.27528667449951"}, "32": {"loss": 0.9069409300883611, "accuracy": 0.8983050847457628, "epoch": 32, "train_loss": 0.004062771797180176, "lr": 1.5178195484182084e-05, "time": "81.27138829231262"}, "33": {"loss": 0.9547124087810517, "accuracy": 0.8983050847457628, "epoch": 33, "train_loss": 1.0207460224628448, "lr": 1.3624326866153158e-05, "time": "81.18505358695984"}, "34": {"loss": 0.9300191521644592, "accuracy": 0.9067796610169492, "epoch": 34, "train_loss": 0.3320266902446747, "lr": 1.2124048127248644e-05, "time": "81.17818713188171"}, "35": {"loss": 0.9383986711502075, "accuracy": 0.902542372881356, "epoch": 35, "train_loss": 0.003187328577041626, "lr": 1.0684426959667917e-05, "time": "81.25247621536255"}, "36": {"loss": 0.9586298406124115, "accuracy": 0.8983050847457628, "epoch": 36, "train_loss": 0.7169579267501831, "lr": 9.312245302681547e-06, "time": "81.20174956321716"}, "37": {"loss": 0.9389947096506754, "accuracy": 0.9067796610169492, "epoch": 37, "train_loss": 0.6944546401500702, "lr": 8.013967393462094e-06, "time": "81.20061755180359"}, "38": {"loss": 0.9872684439023336, "accuracy": 0.8940677966101694, "epoch": 38, "train_loss": 0.0020323991775512695, "lr": 6.7957093145838426e-06, "time": "81.20463156700134"}, "39": {"loss": 0.9575883189837138, "accuracy": 0.9067796610169492, "epoch": 39, "train_loss": 0.0018439888954162598, "lr": 5.663210181650905e-06, "time": "81.18418049812317"}, "40": {"loss": 0.9405669450759888, "accuracy": 0.9067796610169492, "epoch": 40, "train_loss": 0.0017187297344207764, "lr": 4.621805106786142e-06, "time": "81.11586475372314"}, "41": {"loss": 0.9810124635696411, "accuracy": 0.8983050847457628, "epoch": 41, "train_loss": 0.0016492605209350586, "lr": 3.676400065348126e-06, "time": "81.10387086868286"}, "42": {"loss": 0.9764461517333984, "accuracy": 0.902542372881356, "epoch": 42, "train_loss": 0.0015744566917419434, "lr": 2.8314487842766135e-06, "time": "81.15057873725891"}, "43": {"loss": 0.9811856110890707, "accuracy": 0.9067796610169492, "epoch": 43, "train_loss": 0.0015183091163635254, "lr": 2.0909317609440095e-06, "time": "81.21379613876343"}, "44": {"loss": 0.9774195889631907, "accuracy": 0.902542372881356, "epoch": 44, "train_loss": 0.0014167428016662598, "lr": 1.4583375113531195e-06, "time": "81.2111542224884"}, "45": {"loss": 0.9870347658793132, "accuracy": 0.9067796610169492, "epoch": 45, "train_loss": 0.009458854794502258, "lr": 9.366461360194339e-07, "time": "81.23068046569824"}, "46": {"loss": 0.986605312426885, "accuracy": 0.902542372881356, "epoch": 46,