{"0": {"loss": 0.6621665060520172, "accuracy": 0.5445544554455446, "epoch": 0, "train_loss": 147.33657038211823, "lr": 2.0300000000000002e-05, "time": "339.3970980644226"}, "1": {"loss": 0.4586917437039889, "accuracy": 0.8415841584158416, "epoch": 1, "train_loss": 113.60704666376114, "lr": 4.0600000000000004e-05, "time": "339.80464601516724"}, "2": {"loss": 0.3250240758061409, "accuracy": 0.8861386138613861, "epoch": 2, "train_loss": 80.97538410127163, "lr": 4.998426152839727e-05, "time": "339.9557726383209"}, "3": {"loss": 0.219555725558446, "accuracy": 0.9282178217821783, "epoch": 3, "train_loss": 59.2524261623621, "lr": 4.9871148077649356e-05, "time": "339.9169306755066"}, "4": {"loss": 0.18453699149764502, "accuracy": 0.9381188118811881, "epoch": 4, "train_loss": 42.943181939423084, "lr": 4.964944834684821e-05, "time": "339.9223725795746"}, "5": {"loss": 0.16658363305032253, "accuracy": 0.9504950495049505, "epoch": 5, "train_loss": 32.19634255953133, "lr": 4.932013026674565e-05, "time": "339.3808605670929"}, "6": {"loss": 0.16991589891795927, "accuracy": 0.9579207920792079, "epoch": 6, "train_loss": 26.614854377694428, "lr": 4.888463162481978e-05, "time": "339.32104778289795"}, "7": {"loss": 0.18354566323642546, "accuracy": 0.9579207920792079, "epoch": 7, "train_loss": 23.690361384302378, "lr": 4.834485378796155e-05, "time": "338.94381523132324"}, "8": {"loss": 0.20352779830304477, "accuracy": 0.9579207920792079, "epoch": 8, "train_loss": 18.90370750799775, "lr": 4.770315340119502e-05, "time": "338.91141867637634"}, "9": {"loss": 0.28126172664073795, "accuracy": 0.9381188118811881, "epoch": 9, "train_loss": 15.115537845878862, "lr": 4.696233209867437e-05, "time": "338.7325954437256"}, "10": {"loss": 0.2364083158855255, "accuracy": 0.943069306930693, "epoch": 10, "train_loss": 12.536186045734212, "lr": 4.612562427187895e-05, "time": "338.5882639884949"}, "11": {"loss": 0.2689277763979939, "accuracy": 0.9504950495049505, "epoch": 11, "train_loss": 12.483169965445995, "lr": 4.519668294841008e-05, "time": "338.6665360927582"}, "12": {"loss": 0.2845537947634092, "accuracy": 0.9455445544554455, "epoch": 12, "train_loss": 10.419972486793995, "lr": 4.4179563843041665e-05, "time": "338.5091326236725"}, "13": {"loss": 0.29515665167799365, "accuracy": 0.9405940594059405, "epoch": 13, "train_loss": 6.343754392117262, "lr": 4.307870765065753e-05, "time": "338.44194316864014"}, "14": {"loss": 0.33754412600627315, "accuracy": 0.943069306930693, "epoch": 14, "train_loss": 7.488181951164734, "lr": 4.189892065838327e-05, "time": "338.409788608551"}, "15": {"loss": 0.3438736011202519, "accuracy": 0.948019801980198, "epoch": 15, "train_loss": 5.312835477292538, "lr": 4.06453537615594e-05, "time": "338.4049549102783"}, "16": {"loss": 0.3445160543689361, "accuracy": 0.943069306930693, "epoch": 16, "train_loss": 5.861178124934668, "lr": 3.932347997517095e-05, "time": "338.5547354221344"}, "17": {"loss": 0.3581154743352762, "accuracy": 0.9455445544554455, "epoch": 17, "train_loss": 4.272345232457155, "lr": 3.7939070538917654e-05, "time": "338.50358748435974"}, "18": {"loss": 0.3373662909636131, "accuracy": 0.948019801980198, "epoch": 18, "train_loss": 4.69496080155659, "lr": 3.649816972024886e-05, "time": "338.53338050842285"}, "19": {"loss": 0.42473788272876006, "accuracy": 0.9331683168316832, "epoch": 19, "train_loss": 3.672695125140308, "lr": 3.500706842537187e-05, "time": "338.46639609336853"}, "20": {"loss": 0.3672984609237084, "accuracy": 0.9504950495049505, "epoch": 20, "train_loss": 4.792035048201797, "lr": 3.3472276733447004e-05, "time": "338.4154386520386"}, "21": {"loss": 0.3868266438635496, "accuracy": 0.948019801980198, "epoch": 21, "train_loss": 2.2945285911337123, "lr": 3.190049547388359e-05, "time": "338.35847306251526"}, "22": {"loss": 0.3910059086405314, "accuracy": 0.948019801980198, "epoch": 22, "train_loss": 2.4954269429035776, "lr": 3.0298586970829303e-05, "time": "338.3969569206238"}, "23": {"loss": 0.4765658685937524, "accuracy": 0.9356435643564357, "epoch": 23, "train_loss": 2.7095035389065742, "lr": 2.8673545082580866e-05, "time": "338.3745348453522"}, "24": {"loss": 0.46872389717743945, "accuracy": 0.9405940594059405, "epoch": 24, "train_loss": 4.499817490577698, "lr": 2.7032464666722856e-05, "time": "338.4973678588867"}, "25": {"loss": 0.413636522510877, "accuracy": 0.9504950495049505, "epoch": 25, "train_loss": 2.4933125376701355, "lr": 2.5382510604308206e-05, "time": "338.6210196018219"}, "26": {"loss": 0.45146278750437957, "accuracy": 0.9504950495049505, "epoch": 26, "train_loss": 3.64247877399157, "lr": 2.3730886518319527e-05, "time": "338.3423104286194"}, "27": {"loss": 0.44321900262282443, "accuracy": 0.9455445544554455, "epoch": 27, "train_loss": 1.9048731525745097, "lr": 2.208480332298499e-05, "time": "338.26783990859985"}, "28": {"loss": 0.4801680577489046, "accuracy": 0.948019801980198, "epoch": 28, "train_loss": 1.99838038285543, "lr": 2.04514477412609e-05, "time": "338.45955204963684"}, "29": {"loss": 0.4938442437694623, "accuracy": 0.948019801980198, "epoch": 29, "train_loss": 2.0843509038286356, "lr": 1.8837950927932296e-05, "time": "338.42446660995483"}, "30": {"loss": 0.5204671653560721, "accuracy": 0.9504950495049505, "epoch": 30, "train_loss": 2.768141319354072, "lr": 1.725135733532163e-05, "time": "338.2793798446655"}, "31": {"loss": 0.49698956539997685, "accuracy": 0.948019801980198, "epoch": 31, "train_loss": 2.814049581686959, "lr": 1.5698593957536266e-05, "time": "338.4177713394165"}, "32": {"loss": 0.5224714381620288, "accuracy": 0.9504950495049505, "epoch": 32, "train_loss": 2.050668974717155, "lr": 1.4186440087533274e-05, "time": "338.4933168888092"}, "33": {"loss": 0.5331831972759503, "accuracy": 0.948019801980198, "epoch": 33, "train_loss": 2.2555104941129684, "lr": 1.2721497719040443e-05, "time": "338.4245240688324"}, "34": {"loss": 0.47439692742549455, "accuracy": 0.9455445544554455, "epoch": 34, "train_loss": 1.4241787592568471, "lr": 1.1310162722557597e-05, "time": "338.5399696826935"}, "35": {"loss": 0.5179661558224604, "accuracy": 0.948019801980198, "epoch": 35, "train_loss": 0.40542976806545994, "lr": 9.95859692128241e-06, "time": "338.39575457572937"}, "36": {"loss": 0.48320703781568086, "accuracy": 0.9455445544554455, "epoch": 36, "train_loss": 0.965317502617836, "lr": 8.672701188875754e-06, "time": "338.374196767807"}, "37": {"loss": 0.4885976202785969, "accuracy": 0.948019801980198, "epoch": 37, "train_loss": 0.22609610358858845, "lr": 7.458089686520817e-06, "time": "338.2831275463104"}, "38": {"loss": 0.49749771448282093, "accuracy": 0.9455445544554455, "epoch": 38, "train_loss": 1.12448407212878, "lr": 6.320065351755436e-06, "time": "338.39667081832886"}, "39": {"loss": 0.4829255123264514, "accuracy": 0.9455445544554455, "epoch": 39, "train_loss": 0.0009539922077692609, "lr": 5.263596746092606e-06, "time": "338.5940754413605"}, "40": {"loss": 0.5041548062402469, "accuracy": 0.9455445544554455, "epoch": 40, "train_loss": 0.35437629620219013, "lr": 4.293296362511085e-06, "time": "338.1941397190094"}, "41": {"loss": 0.516925708605693, "accuracy": 0.948019801980198, "epoch": 41, "train_loss": 0.0008209745089970966, "lr": 3.4134004875247953e-06, "time": "338.0555229187012"}, "42": {"loss": 0.5104424973519949, "accuracy": 0.948019801980198, "epoch": 42, "train_loss": 0.0007440050442255597, "lr": 2.627750705752227e-06, "time": "338.41879749298096"}, "43": {"loss": 0.5082168708053919, "accuracy": 0.948019801980198, "epoch": 43, "train_loss": 0.006327023108724461, "lr": 1.939777127735956e-06, "time": "338.52661514282227"}, "44": {"loss": 0.513615190409697, "accuracy": 0.9504950495049505, "epoch": 44, "train_loss": 0.0008673171203099628, "lr": 1.3524834142389835e-06, "time": "338.4735839366913"}, "45": {"loss": 0.5168846146418498, "accuracy": 0.9504950495049505, "epoch": 45, "train_loss": 0.0006590882937871356, "lr": 8.684336624010275e-07, "time": "338.47074365615845"}, "46": {"loss": 0.5105067462875292,