{"0": {"loss": 0.6918152841654691, "accuracy": 0.5227272727272727, "epoch": 0, "train_loss": 62.49081242084503, "lr": 8.9e-06, "time": "156.46575951576233"}, "1": {"loss": 0.6726467501033436, "accuracy": 0.6022727272727273, "epoch": 1, "train_loss": 62.09015244245529, "lr": 1.78e-05, "time": "158.01743936538696"}, "2": {"loss": 0.6438136859373613, "accuracy": 0.7102272727272727, "epoch": 2, "train_loss": 59.41756743192673, "lr": 2.6700000000000002e-05, "time": "157.767897605896"}, "3": {"loss": 0.6025838580998507, "accuracy": 0.7272727272727273, "epoch": 3, "train_loss": 56.46196600794792, "lr": 3.56e-05, "time": "158.11983108520508"}, "4": {"loss": 0.5588864955035123, "accuracy": 0.7215909090909091, "epoch": 4, "train_loss": 51.9892757833004, "lr": 4.4500000000000004e-05, "time": "158.0314588546753"}, "5": {"loss": 0.5039182088591836, "accuracy": 0.8238636363636364, "epoch": 5, "train_loss": 47.574540466070175, "lr": 4.999085998441224e-05, "time": "158.05437326431274"}, "6": {"loss": 0.4419991130178625, "accuracy": 0.8295454545454546, "epoch": 6, "train_loss": 40.007831543684006, "lr": 4.988046931468565e-05, "time": "157.92993450164795"}, "7": {"loss": 0.39759544892744586, "accuracy": 0.8352272727272727, "epoch": 7, "train_loss": 32.27347978949547, "lr": 4.964546580608741e-05, "time": "157.95637965202332"}, "8": {"loss": 0.38281115754084155, "accuracy": 0.8409090909090909, "epoch": 8, "train_loss": 27.962003231048584, "lr": 4.928702646432351e-05, "time": "157.79372906684875"}, "9": {"loss": 0.36174423586238513, "accuracy": 0.8522727272727273, "epoch": 9, "train_loss": 21.208573311567307, "lr": 4.880694651855042e-05, "time": "157.3599512577057"}, "10": {"loss": 0.4070336046543988, "accuracy": 0.8238636363636364, "epoch": 10, "train_loss": 17.695197731256485, "lr": 4.820763043004142e-05, "time": "157.25196599960327"}, "11": {"loss": 0.4167723926630887, "accuracy": 0.8352272727272727, "epoch": 11, "train_loss": 14.423965439200401, "lr": 4.749207984953814e-05, "time": "157.27417063713074"}, "12": {"loss": 0.4414790624921972, "accuracy": 0.8409090909090909, "epoch": 12, "train_loss": 10.145527493208647, "lr": 4.6663878583602474e-05, "time": "157.27331161499023"}, "13": {"loss": 0.4879631765864112, "accuracy": 0.8295454545454546, "epoch": 13, "train_loss": 7.970203842967749, "lr": 4.572717464526423e-05, "time": "157.098130941391"}, "14": {"loss": 0.4862725812603127, "accuracy": 0.8465909090909091, "epoch": 14, "train_loss": 6.598330475389957, "lr": 4.468665947886325e-05, "time": "157.02200937271118"}, "15": {"loss": 0.5503256869587031, "accuracy": 0.8409090909090909, "epoch": 15, "train_loss": 4.59048268198967, "lr": 4.354754446313736e-05, "time": "156.81802487373352"}, "16": {"loss": 0.6682170236652548, "accuracy": 0.8238636363636364, "epoch": 16, "train_loss": 3.0929018557071686, "lr": 4.231553481023975e-05, "time": "156.6537914276123"}, "17": {"loss": 0.5910348086194559, "accuracy": 0.8579545454545454, "epoch": 17, "train_loss": 2.8672671914100647, "lr": 4.0996800991411265e-05, "time": "158.06024837493896"}, "18": {"loss": 0.6675095273689791, "accuracy": 0.8579545454545454, "epoch": 18, "train_loss": 1.9562046080827713, "lr": 3.959794783242113e-05, "time": "188.62675070762634"}, "19": {"loss": 0.7702429938045415, "accuracy": 0.8409090909090909, "epoch": 19, "train_loss": 1.3384905979037285, "lr": 3.8125981433560375e-05, "time": "158.565682888031"}, "20": {"loss": 0.7061615254391324, "accuracy": 0.8522727272727273, "epoch": 20, "train_loss": 0.5347339361906052, "lr": 3.6588274079867745e-05, "time": "158.47030472755432"}, "21": {"loss": 0.9349457215179097, "accuracy": 0.8238636363636364, "epoch": 21, "train_loss": 0.2103680744767189, "lr": 3.4992527317333936e-05, "time": "158.27654647827148"}, "22": {"loss": 0.731878630139611, "accuracy": 0.875, "epoch": 22, "train_loss": 0.2438744232058525, "lr": 3.334673338001552e-05, "time": "158.07654690742493"}, "23": {"loss": 0.8194538730789315, "accuracy": 0.875, "epoch": 23, "train_loss": 0.10696321725845337, "lr": 3.1659135161249126e-05, "time": "158.0319561958313"}, "24": {"loss": 0.9152978739955209, "accuracy": 0.8579545454545454, "epoch": 24, "train_loss": 0.07776612043380737, "lr": 2.993818492944882e-05, "time": "158.0727379322052"}, "25": {"loss": 0.9040365222502839, "accuracy": 0.8636363636363636, "epoch": 25, "train_loss": 0.26375141739845276, "lr": 2.8192501995256575e-05, "time": "158.05966067314148"}, "26": {"loss": 1.006143886934627, "accuracy": 0.8579545454545454, "epoch": 26, "train_loss": 1.5928824245929718, "lr": 2.6430829542068503e-05, "time": "158.1429443359375"}, "27": {"loss": 1.0283530489964918, "accuracy": 0.8522727272727273, "epoch": 27, "train_loss": 0.1474303975701332, "lr": 2.4661990836149287e-05, "time": "158.12545776367188"}, "28": {"loss": 1.0067682381380687, "accuracy": 0.8636363636363636, "epoch": 28, "train_loss": 0.03013339638710022, "lr": 2.2894845035654767e-05, "time": "158.11113905906677"}, "29": {"loss": 1.0090367560359566, "accuracy": 0.8636363636363636, "epoch": 29, "train_loss": 0.02521878480911255, "lr": 2.1138242819891472e-05, "time": "158.1090018749237"}, "30": {"loss": 1.014093711294911, "accuracy": 0.8636363636363636, "epoch": 30, "train_loss": 0.024171650409698486, "lr": 1.940098206104203e-05, "time": "157.99174213409424"}, "31": {"loss": 1.0352950868281452, "accuracy": 0.8693181818181818, "epoch": 31, "train_loss": 0.017274975776672363, "lr": 1.769176376037302e-05, "time": "157.7285761833191"}, "32": {"loss": 1.1301099969582125, "accuracy": 0.8579545454545454, "epoch": 32, "train_loss": 0.014853090047836304, "lr": 1.601914846961698e-05, "time": "157.41433095932007"}, "33": {"loss": 1.1595334925434806, "accuracy": 0.8636363636363636, "epoch": 33, "train_loss": 0.01269984245300293, "lr": 1.4391513415790207e-05, "time": "157.21930360794067"}, "34": {"loss": 1.1843236847357317, "accuracy": 0.8636363636363636, "epoch": 34, "train_loss": 0.25932855904102325, "lr": 1.281701054418517e-05, "time": "157.4929051399231"}, "35": {"loss": 1.1193921850486235, "accuracy": 0.8693181818181818, "epoch": 35, "train_loss": 0.010520011186599731, "lr": 1.1303525689677444e-05, "time": "157.56142783164978"}, "36": {"loss": 1.2111500840295444, "accuracy": 0.8636363636363636, "epoch": 36, "train_loss": 0.036535054445266724, "lr": 9.85863908083603e-06, "time": "157.77820134162903"}, "37": {"loss": 1.2159110429612072, "accuracy": 0.8579545454545454, "epoch": 37, "train_loss": 0.008957207202911377, "lr": 8.489587374650732e-06, "time": "157.77851009368896"}, "38": {"loss": 1.2278195985338904, "accuracy": 0.8636363636363636, "epoch": 38, "train_loss": 0.008001476526260376, "lr": 7.203227412024e-06, "time": "157.7586636543274"}, "39": {"loss": 1.2456619238311595, "accuracy": 0.8636363636363636, "epoch": 39, "train_loss": 0.007712036371231079, "lr": 6.006001875556672e-06, "time": "157.65029954910278"}, "40": {"loss": 1.2281231406060131, "accuracy": 0.8636363636363636, "epoch": 40, "train_loss": 0.007375746965408325, "lr": 4.9039070216288725e-06, "time": "157.6352059841156"}, "41": {"loss": 1.2505701875144786, "accuracy": 0.8636363636363636, "epoch": 41, "train_loss": 0.006962209939956665, "lr": 3.902462648388977e-06, "time": "157.64144015312195"}, "42": {"loss": 1.2403936264189808, "accuracy": 0.8636363636363636, "epoch": 42, "train_loss": 0.006685376167297363, "lr": 3.0066844500645647e-06, "time": "157.60082173347473"}, "43": {"loss": 1.2643774761395021, "accuracy": 0.8636363636363636, "epoch": 43, "train_loss": 0.006645649671554565, "lr": 2.2210588960578314e-06, "time": "157.5915858745575"}, "44": {"loss": 1.2485285794193095, "accuracy": 0.8636363636363636, "epoch": 44, "train_loss": 0.006525933742523193, "lr": 1.5495207606424062e-06, "time": "157.55647444725037"}, "45": {"loss": 1.25842062858018, "accuracy": 0.8636363636363636, "epoch": 45, "train_loss": 0.006300747394561768, "lr": 9.954334158031958e-07, "time": "157.50414323806763"}, "46": {"loss": 1.2662496891888706,